query,response,,,,
What is a stock?,A stock represents ownership in a company. When you buy a stock you're buying a small piece of the company.,,,,
How can I invest in the stock market?,You can invest in the stock market by opening a brokerage account and purchasing stocks ETFs or mutual funds.,,,,
What are dividends?,Dividends are payments made by a corporation to its shareholders. They represent a portion of the company's profits.,,,,
What is compound interest?,Compound interest is interest calculated on the initial principal and also on the accumulated interest from previous periods.,,,,
How does a 401(k) work?,A 401(k) is a retirement savings plan sponsored by an employer. Employees can contribute a portion of their salary to the plan often with tax advantages.,,,,
What are the advantages of diversification?,Diversification reduces risk by spreading investments across different asset classes industries and geographic regions.,,,,
What is a bond?,A bond is a fixed-income investment where an investor loans money to an entity typically a corporation or government for a defined period of time at a fixed interest rate.,,,,
How does inflation affect investments?,Inflation erodes the purchasing power of money over time so investments must outpace inflation to maintain their real value.,,,,
What is the difference between a traditional IRA and a Roth IRA?,A traditional IRA allows you to contribute pre-tax dollars while a Roth IRA uses after-tax dollars. Additionally withdrawals from a traditional IRA are taxed while qualified withdrawals from a Roth IRA are tax-free.,,,,
What is asset allocation?,Asset allocation is the process of spreading investments across different asset classes such as stocks bonds and cash to achieve a balance of risk and return.,,,,
How do I calculate return on investment (ROI)?,ROI is calculated by dividing the net profit from an investment by the initial investment cost and then multiplying by 100 to express it as a percentage.,,,,
What is a mutual fund?," ""A mutual fund is an investment vehicle that pools money from many investors to purchase securities such as stocks bonds or money market instruments"".",,,,
What is a budget? A budget is a financial plan that outlines income and expenses over a specific period helping individuals or organizations manage their finances effectively.,,,,,
How can I improve my credit score? You can improve your credit score by paying bills on time keeping credit card balances low and avoiding opening too many new accounts.,,,,,
What is a bear market? A bear market is a prolonged period of declining stock prices, typically caused by economic slowdowns, investor pessimism, or geopolitical events.,,
What is a bull market? A bull market is a period of rising stock prices, typically driven by strong economic growth, low unemployment, and investor optimism.,,
How does the Federal Reserve affect interest rates? The Federal Reserve can influence interest rates through monetary policy tools such as open market operations, discount rates, and reserve requirements.,,,
What is the difference between a stock and a bond? A stock represents ownership in a company, while a bond is a debt investment where an investor loans money to an entity.,,,,
What is the rule of 72? The rule of 72 is a quick method for estimating how long it will take to double your money at a fixed annual rate of return. Simply divide 72 by the annual rate of return to get the approximate number of years.,,,,,
What are blue-chip stocks? Blue-chip stocks are shares of large, well-established companies with a history of stable earnings and dividends. They are considered to be relatively safe investments.,,,,
How can I start saving for retirement? You can start saving for retirement by contributing to a retirement account such as a 401(k), IRA, or Roth IRA. It's important to start early and consistently save over time.,,,
What is dollar-cost averaging? Dollar-cost averaging is an investment strategy where you invest a fixed amount of money at regular intervals, regardless of market conditions. This can help reduce the impact of market volatility on your investments.,,,,
What is a capital gain? A capital gain is the profit you realize when you sell an asset for more than you paid for it. It's the difference between the selling price and the purchase price.,,,,,
What is the difference between stocks and mutual funds? Stocks represent ownership in individual companies, while mutual funds are investment vehicles that pool money from many investors to purchase a diversified portfolio of securities.,,,,
What is a financial advisor? A financial advisor is a professional who provides financial guidance and advice to individuals or businesses based on their financial situation, goals, and risk tolerance.,,,
How can I reduce investment risk? You can reduce investment risk by diversifying your portfolio, investing for the long term, and staying informed about market trends and economic indicators.,,,
What is a stock market index? A stock market index is a measurement of the value of a section of the stock market. It is calculated from the prices of selected stocks and reflects the overall performance of the market.,,,,,
What is a 529 plan? A 529 plan is a tax-advantaged savings plan designed to encourage saving for future education costs. It can be used for qualified higher education expenses such as tuition, fees, and room and board.,,,
What is the difference between stocks and bonds? Stocks represent ownership in a company, while bonds represent a loan made by an investor to a borrower, typically a corporation or government.,,,
How does a recession affect the stock market? During a recession, consumer spending declines, corporate profits shrink, and unemployment rises, leading to lower stock prices and decreased investor confidence.,
What is a stock split? A stock split is a corporate action where a company divides its existing shares into multiple shares to boost liquidity and make the shares more affordable to individual investors.,,,,,
What is a market order? A market order is an order to buy or sell a security at the current market price. It guarantees execution but does not guarantee a specific price.,,,,,
How do I create a personal budget? To create a personal budget, list your sources of income and expenses, categorize them, and allocate amounts for each category based on your financial goals and priorities.,,
What is the difference between a traditional 401(k) and a Roth 401(k)?.A traditional 401(k) allows you to contribute pre-tax dollars, while a Roth 401(k) uses after-tax dollars. Additionally, withdrawals from a traditional 401(k) are taxed, while qualified withdrawals from a Roth 401(k) are tax-free.,,
How does a stock market crash affect the economy? A stock market crash can lead to decreased consumer spending, layoffs, and decreased business investment, which can result in an economic recession.,,
What is a certificate of deposit (CD)? A certificate of deposit is a savings certificate with a fixed maturity date and specified interest rate. It is issued by a bank and can be traded in the secondary market.,,,,,
What is the difference between a credit card and a debit card? A credit card allows you to borrow money from a financial institution up to a certain limit, while a debit card deducts funds directly from your checking account.,,,,
How do I choose between a traditional IRA and a Roth IRA? Choose a traditional IRA if you expect to be in a lower tax bracket in retirement, and choose a Roth IRA if you expect to be in a higher tax bracket in retirement.,,,,
What is the difference between saving and investing? Saving involves setting aside money for future use, typically in a low-risk account, while investing involves purchasing assets with the expectation of generating a return, typically with some level of risk.,,
How does the stock market work? The stock market is a platform where buyers and sellers trade stocks, which represent ownership in publicly traded companies. Prices are determined by supply and demand.,,,,
What is a capital loss? A capital loss occurs when you sell an asset for less than you paid for it. It's the difference between the purchase price and the selling price.,,,,,
What is a budget deficit? A budget deficit occurs when government spending exceeds government revenue in a given fiscal year. It is typically financed through borrowing.,,,,,
What is the Federal Reserve? The Federal Reserve often referred to as the Fed, is the central bank of the United States. It is responsible for conducting monetary policy, supervising and regulating banks, and maintaining financial stability.,,
What is a stock exchange? A stock exchange is a marketplace where securities such as stocks, bonds, and commodities are bought and sold. It provides a platform for companies to raise capital and for investors to trade securities.,,,
What is a credit score? A credit score is a numerical representation of a person's creditworthiness, based on their credit history and other financial behavior. It is used by lenders to assess the risk of lending to a borrower.,,,,
What is the difference between a traditional savings account and a money market account? A traditional savings account typically offers a lower interest rate but is more liquid, while a money market account typically offers a higher interest rate but may have higher minimum balance requirements and limited withdrawals.,,,,
How do I calculate interest? Interest is calculated using the formula: Interest = Principal × Rate × Time. The rate is expressed as a percentage per time period, and time is usually measured in years.,,,,
What is the difference between a bull market and a bear market? A bull market is characterized by rising stock prices and investor optimism, while a bear market is characterized by falling stock prices and investor pessimism.,,,,
What is a 401(k) plan? A 401(k) plan is a retirement savings plan sponsored by an employer. Employees can contribute a portion of their salary to the plan, often with tax advantages.,,,,
How does a recession impact unemployment? During a recession, businesses may cut costs by laying off workers, leading to higher unemployment rates.,,,
What is the difference between an individual stock and a stock mutual fund? An individual stock represents ownership in a single company, while a stock mutual fund is a collection of many individual stocks managed by a professional portfolio manager.,,,,
What is a budget surplus? A budget surplus occurs when government revenue exceeds government spending in a given fiscal year. It results in reduced government debt or increased government savings.,,,,,
What is the difference between a traditional IRA and a Roth IRA? A traditional IRA allows you to deduct contributions from your taxable income, while a Roth IRA does not offer any tax deductions for contributions.,,,,
How do I calculate my net worth? To calculate your net worth, add up all your assets (such as cash, investments, and property) and subtract all your liabilities (such as loans and mortgages).,,
What is the difference between a checking account and a savings account? A checking account is designed for everyday transactions and typically offers low or no interest rates, while a savings account is designed for saving money and typically offers higher interest rates.,,,,
How does a recession affect interest rates? During a recession, central banks may lower interest rates to stimulate borrowing and spending, which can help stimulate economic activity.,,,
What is a financial statement? A financial statement is a document that summarizes a company's financial transactions, assets, liabilities, and equity over a specific period of time.,,
What is an emergency fund? An emergency fund is a savings account set aside to cover unexpected expenses or financial emergencies, such as medical bills or car repairs.,,,,
How does inflation impact purchasing power? Inflation erodes the purchasing power of money over time, meaning that the same amount of money will buy fewer goods and services in the future.,,,,
What is a 403(b) plan?,A 403(b) plan is a retirement savings plan offered to employees of certain tax-exempt organizations, such as schools, hospitals, and religious organizations.,
What is the difference between a traditional IRA and a Roth IRA?,A traditional IRA allows you to deduct contributions from your taxable income, while a Roth IRA does not offer any tax deductions for contributions.,,,
What is a recession?,A recession is a significant decline in economic activity, typically characterized by a decrease in GDP, rising unemployment, and reduced consumer spending.,
How does a stock buyback work?,A stock buyback occurs when a company repurchases its own shares from the open market, reducing the number of outstanding shares and increasing the ownership stake of remaining shareholders.,,,
What is the difference between a stock and a mutual fund?,A stock represents ownership in a single company, while a mutual fund is a pooled investment vehicle that invests in a diversified portfolio of stocks, bonds, or other securities.,
How do I calculate my debt-to-income ratio?,To calculate your debt-to-income ratio, divide your total monthly debt payments by your gross monthly income and multiply by 100 to express it as a percentage.,,,
What is a credit report?,A credit report is a detailed record of an individual's credit history, including their payment history, outstanding debts, and credit inquiries. It is used by lenders to assess creditworthiness.,
What is the difference between a traditional 401(k) and a Roth 401(k)?,A traditional 401(k) allows you to contribute pre-tax dollars, while a Roth 401(k) allows you to contribute after-tax dollars. Additionally, withdrawals from a traditional 401(k) are taxed, while qualified withdrawals from a Roth 401(k) are tax-free.,
What is the difference between a stock and a bond?,A stock represents ownership in a company, while a bond represents a loan made by an investor to a borrower, typically a corporation or government.,,
How do I calculate return on investment (ROI)?,ROI is calculated by dividing the net profit from an investment by the initial investment cost, and then multiplying by 100 to express it as a percentage.,,,
What is a mutual fund?,A mutual fund is an investment vehicle that pools money from many investors to purchase securities such as stocks, bonds, or money market instruments.,,
What is a budget?,A budget is a financial plan that outlines income and expenses over a specific period, helping individuals or organizations manage their finances effectively.,,,
How can I improve my credit score?,You can improve your credit score by paying bills on time, keeping credit card balances low, and avoiding opening too many new accounts.,,
What is a bear market?,A bear market is a prolonged period of declining stock prices, typically caused by economic slowdowns, investor pessimism, or geopolitical events.,
What is a bull market?,A bull market is a period of rising stock prices, typically driven by strong economic growth, low unemployment, and investor optimism.,
How does the Federal Reserve affect interest rates?,The Federal Reserve can influence interest rates through monetary policy tools such as open market operations, discount rates, and reserve requirements.,,
What is the difference between a stock and a bond?,A stock represents ownership in a company, while a bond is a debt investment where an investor loans money to an entity.,,,
What is the rule of 72?,The rule of 72 is a quick method for estimating how long it will take to double your money at a fixed annual rate of return. Simply divide 72 by the annual rate of return to get the approximate number of years.,,,,
What are blue-chip stocks?,Blue-chip stocks are shares of large, well-established companies with a history of stable earnings and dividends. They are considered to be relatively safe investments.,,,
How can I start saving for retirement?,You can start saving for retirement by contributing to a retirement account such as a 401(k), IRA, or Roth IRA. It's important to start early and consistently save over time.,,
What is dollar-cost averaging?,Dollar-cost averaging is an investment strategy where you invest a fixed amount of money at regular intervals, regardless of market conditions. This can help reduce the impact of market volatility on your investments.,,,
What is a capital gain?,A capital gain is the profit you realize when you sell an asset for more than you paid for it. It's the difference between the selling price and the purchase price.,,,,
What is the difference between stocks and mutual funds?,Stocks represent ownership in individual companies, while mutual funds are investment vehicles that pool money from many investors to purchase a diversified portfolio of securities.,,,
What is a financial advisor?,A financial advisor is a professional who provides financial guidance and advice to individuals or businesses based on their financial situation, goals, and risk tolerance.,,
How can I reduce investment risk?,You can reduce investment risk by diversifying your portfolio, investing for the long term, and staying informed about market trends and economic indicators.,,
What is a stock market index?,A stock market index is a measurement of the value of a section of the stock market. It is calculated from the prices of selected stocks and reflects the overall performance of the market.,,,,
What is a 529 plan?,A 529 plan is a tax-advantaged savings plan designed to encourage saving for future education costs. It can be used for qualified higher education expenses such as tuition, fees, and room and board.,,
What is the difference between stocks and bonds?,Stocks represent ownership in a company, while bonds represent a loan made by an investor to a borrower, typically a corporation or government.,,
How does a recession affect the stock market?,During a recession, consumer spending declines, corporate profits shrink, and unemployment rises, leading to lower stock prices and decreased investor confidence.
What is a stock split?,A stock split is a corporate action where a company divides its existing shares into multiple shares to boost liquidity and make the shares more affordable to individual investors.,,,,
What is a market order?,A market order is an order to buy or sell a security at the current market price. It guarantees execution but does not guarantee a specific price.,,,,
How do I create a personal budget?,To create a personal budget, list your sources of income and expenses, categorize them, and allocate amounts for each category based on your financial goals and priorities.,
What is the difference between a traditional 401(k) and a Roth 401(k)?,A traditional 401(k) allows you to contribute pre-tax dollars, while a Roth 401(k) uses after-tax dollars. Additionally, withdrawals from a traditional 401(k) are taxed, while qualified withdrawals from a Roth 401(k) are tax-free.,
How does a stock market crash affect the economy?,A stock market crash can lead to decreased consumer spending, layoffs, and decreased business investment, which can result in an economic recession.,
What is a certificate of deposit (CD)?,A certificate of deposit is a savings certificate with a fixed maturity date and specified interest rate. It is issued by a bank and can be traded in the secondary market.,,,,
What is the difference between a credit card and a debit card?,A credit card allows you to borrow money from a financial institution up to a certain limit, while a debit card deducts funds directly from your checking account.,,,
How do I choose between a traditional IRA and a Roth IRA?,Choose a traditional IRA if you expect to be in a lower tax bracket in retirement, and choose a Roth IRA if you expect to be in a higher tax bracket in retirement.,,,
What is the difference between saving and investing?,Saving involves setting aside money for future use, typically in a low-risk account, while investing involves purchasing assets with the expectation of generating a return, typically with some level of risk.,
How does the stock market work?,The stock market is a platform where buyers and sellers trade stocks, which represent ownership in publicly traded companies. Prices are determined by supply and demand.,,,
What is a capital loss?,A capital loss occurs when you sell an asset for less than you paid for it. It's the difference between the purchase price and the selling price.,,,,
What is a budget deficit?,A budget deficit occurs when government spending exceeds government revenue in a given fiscal year. It is typically financed through borrowing.,,,,
What is the Federal Reserve?,The Federal Reserve, often referred to as the Fed, is the central bank of the United States. It is responsible for conducting monetary policy, supervising and regulating banks, and maintaining financial stability.
What is a stock exchange?,A stock exchange is a marketplace where securities such as stocks, bonds, and commodities are bought and sold. It provides a platform for companies to raise capital and for investors to trade securities.,,
What is a credit score?,A credit score is a numerical representation of a person's creditworthiness, based on their credit history and other financial behavior. It is used by lenders to assess the risk of lending to a borrower.,,,
What is the difference between a traditional savings account and a money market account?,A traditional savings account typically offers a lower interest rate but is more liquid, while a money market account typically offers a higher interest rate but may have higher minimum balance requirements and limited withdrawals.,,,
How do I calculate interest?,Interest is calculated using the formula: Interest = Principal × Rate × Time. The rate is expressed as a percentage per time period, and time is usually measured in years.,,,
What is the difference between a bull market and a bear market?,A bull market is characterized by rising stock prices and investor optimism, while a bear market is characterized by falling stock prices and investor pessimism.,,,
What is a 401(k) plan?,A 401(k) plan is a retirement savings plan sponsored by an employer. Employees can contribute a portion of their salary to the plan, often with tax advantages.,,,
How does a recession impact unemployment?,During a recession, businesses may cut costs by laying off workers, leading to higher unemployment rates.,,
What is the difference between an individual stock and a stock mutual fund?,An individual stock represents ownership in a single company, while a stock mutual fund is a collection of many individual stocks managed by a professional portfolio manager.,,,
What is a budget surplus?,A budget surplus occurs when government revenue exceeds government spending in a given fiscal year. It results in reduced government debt or increased government savings.,,,,
What is the difference between a traditional IRA and a Roth IRA?,A traditional IRA allows you to deduct contributions from your taxable income, while a Roth IRA does not offer any tax deductions for contributions.,,,
How do I calculate my net worth?,To calculate your net worth, add up all your assets (such as cash, investments, and property) and subtract all your liabilities (such as loans and mortgages).,
What is the difference between a checking account and a savings account?,A checking account is designed for everyday transactions and typically offers low or no interest rates, while a savings account is designed for saving money and typically offers higher interest rates.,,,
How does a recession affect interest rates?,During a recession, central banks may lower interest rates to stimulate borrowing and spending, which can help stimulate economic activity.,,
What is a financial statement?,A financial statement is a document that summarizes a company's financial transactions, assets, liabilities, and equity over a specific period of time.,
What is an emergency fund?,An emergency fund is a savings account set aside to cover unexpected expenses or financial emergencies, such as medical bills or car repairs.,,,
How does inflation impact purchasing power?,Inflation erodes the purchasing power of money over time, meaning that the same amount of money will buy fewer goods and services in the future.,,,
What is a 403(b) plan?,A 403(b) plan is a retirement savings plan offered to employees of certain tax-exempt organizations, such as schools, hospitals, and religious organizations.,
What is the difference between a traditional IRA and a Roth IRA?,A traditional IRA allows you to deduct contributions from your taxable income, while a Roth IRA does not offer any tax deductions for contributions.,,,
How do I calculate interest?,Interest is calculated using the formula: Interest = Principal × Rate × Time. The rate is expressed as a percentage per time period, and time is usually measured in years.,,,
What is a mutual fund?,A mutual fund is an investment vehicle that pools money from many investors to purchase securities such as stocks, bonds, or money market instruments.,,
What is a budget?,A budget is a financial plan that outlines income and expenses over a specific period, helping individuals or organizations manage their finances effectively.,,,
How can I improve my credit score?,You can improve your credit score by paying bills on time, keeping credit card balances low, and avoiding opening too many new accounts.,,
What is a bear market?,A bear market is a prolonged period of declining stock prices, typically caused by economic slowdowns, investor pessimism, or geopolitical events.,
What is a bull market?,A bull market is a period of rising stock prices, typically driven by strong economic growth, low unemployment, and investor optimism.,
How does the Federal Reserve affect interest rates?,The Federal Reserve can influence interest rates through monetary policy tools such as open market operations, discount rates, and reserve requirements.,,
What is the difference between a stock and a bond?,A stock represents ownership in a company, while a bond is a debt investment where an investor loans money to an entity.,,,
What is the rule of 72?,The rule of 72 is a quick method for estimating how long it will take to double your money at a fixed annual rate of return. Simply divide 72 by the annual rate of return to get the approximate number of years.,,,,
What are blue-chip stocks?,Blue-chip stocks are shares of large, well-established companies with a history of stable earnings and dividends. They are considered to be relatively safe investments.,,,
How can I start saving for retirement?,You can start saving for retirement by contributing to a retirement account such as a 401(k), IRA, or Roth IRA. It's important to start early and consistently save over time.,,
What is dollar-cost averaging?,Dollar-cost averaging is an investment strategy where you invest a fixed amount of money at regular intervals, regardless of market conditions. This can help reduce the impact of market volatility on your investments.,,,
What is a capital gain?,A capital gain is the profit you realize when you sell an asset for more than you paid for it. It's the difference between the selling price and the purchase price.,,,,
What is the difference between stocks and mutual funds?,Stocks represent ownership in individual companies, while mutual funds are investment vehicles that pool money from many investors to purchase a diversified portfolio of securities.,,,
What is a financial advisor?,A financial advisor is a professional who provides financial guidance and advice to individuals or businesses based on their financial situation, goals, and risk tolerance.,,
How can I reduce investment risk?,You can reduce investment risk by diversifying your portfolio, investing for the long term, and staying informed about market trends and economic indicators.,,
What is a stock market index?,A stock market index is a measurement of the value of a section of the stock market. It is calculated from the prices of selected stocks and reflects the overall performance of the market.,,,,
What is a 529 plan?,A 529 plan is a tax-advantaged savings plan designed to encourage saving for future education costs. It can be used for qualified higher education expenses such as tuition, fees, and room and board.,,
What is the difference between stocks and bonds?,Stocks represent ownership in a company, while bonds represent a loan made by an investor to a borrower, typically a corporation or government.,,
How does a recession affect the stock market?,During a recession, consumer spending declines, corporate profits shrink, and unemployment rises, leading to lower stock prices and decreased investor confidence.
What is a stock split?,A stock split is a corporate action where a company divides its existing shares into multiple shares to boost liquidity and make the shares more affordable to individual investors.,,,,
What is a market order?,A market order is an order to buy or sell a security at the current market price. It guarantees execution but does not guarantee a specific price.,,,,
How do I create a personal budget?,To create a personal budget, list your sources of income and expenses, categorize them, and allocate amounts for each category based on your financial goals and priorities.,
What is the difference between a traditional 401(k) and a Roth 401(k)?,A traditional 401(k) allows you to contribute pre-tax dollars, while a Roth 401(k) uses after-tax dollars. Additionally, withdrawals from a traditional 401(k) are taxed, while qualified withdrawals from a Roth 401(k) are tax-free.,
How does a stock market crash affect the economy?,A stock market crash can lead to decreased consumer spending, layoffs, and decreased business investment, which can result in an economic recession.,
What is a certificate of deposit (CD)?,A certificate of deposit is a savings certificate with a fixed maturity date and specified interest rate. It is issued by a bank and can be traded in the secondary market.,,,,
What is the difference between a credit card and a debit card?,A credit card allows you to borrow money from a financial institution up to a certain limit, while a debit card deducts funds directly from your checking account.,,,
How do I choose between a traditional IRA and a Roth IRA?,Choose a traditional IRA if you expect to be in a lower tax bracket in retirement, and choose a Roth IRA if you expect to be in a higher tax bracket in retirement.,,,
What is the difference between saving and investing?,Saving involves setting aside money for future use, typically in a low-risk account, while investing involves purchasing assets with the expectation of generating a return, typically with some level of risk.,
How does the stock market work?,The stock market is a platform where buyers and sellers trade stocks, which represent ownership in publicly traded companies. Prices are determined by supply and demand.,,,
What is a capital loss?,A capital loss occurs when you sell an asset for less than you paid for it. It's the difference between the purchase price and the selling price.,,,,
What is a budget deficit?,A budget deficit occurs when government spending exceeds government revenue in a given fiscal year. It is typically financed through borrowing.,,,,
What is the Federal Reserve?,The Federal Reserve, often referred to as the Fed, is the central bank of the United States. It is responsible for conducting monetary policy, supervising and regulating banks, and maintaining financial stability.
What is a stock exchange?,A stock exchange is a marketplace where securities such as stocks, bonds, and commodities are bought and sold. It provides a platform for companies to raise capital and for investors to trade securities.,,
What is a credit score?,A credit score is a numerical representation of a person's creditworthiness, based on their credit history and other financial behavior. It is used by lenders to assess the risk of lending to a borrower.,,,
What is the difference between a traditional savings account and a money market account?,A traditional savings account typically offers a lower interest rate but is more liquid, while a money market account typically offers a higher interest rate but may have higher minimum balance requirements and limited withdrawals.,,,
How do I calculate interest?,Interest is calculated using the formula: Interest = Principal × Rate × Time. The rate is expressed as a percentage per time period, and time is usually measured in years.,,,
What is the difference between a bull market and a bear market?,A bull market is characterized by rising stock prices and investor optimism, while a bear market is characterized by falling stock prices and investor pessimism.,,,
What is a 401(k) plan?,A 401(k) plan is a retirement savings plan sponsored by an employer. Employees can contribute a portion of their salary to the plan, often with tax advantages.,,,
How does a recession impact unemployment?,During a recession, businesses may cut costs by laying off workers, leading to higher unemployment rates.,,
What is the difference between an individual stock and a stock mutual fund?,An individual stock represents ownership in a single company, while a stock mutual fund is a collection of many individual stocks managed by a professional portfolio manager.,,,
What is a budget surplus?,A budget surplus occurs when government revenue exceeds government spending in a given fiscal year. It results in reduced government debt or increased government savings.,,,,
What is the difference between a traditional IRA and a Roth IRA?,A traditional IRA allows you to deduct contributions from your taxable income, while a Roth IRA does not offer any tax deductions for contributions.,,,
How do I calculate my net worth?,To calculate your net worth, add up all your assets (such as cash, investments, and property) and subtract all your liabilities (such as loans and mortgages).,
What is the difference between a checking account and a savings account?,A checking account is designed for everyday transactions and typically offers low or no interest rates, while a savings account is designed for saving money and typically offers higher interest rates.,,,
How does a recession affect interest rates?,During a recession, central banks may lower interest rates to stimulate borrowing and spending, which can help stimulate economic activity.,,
What is a financial statement?,A financial statement is a document that summarizes a company's financial transactions, assets, liabilities, and equity over a specific period of time.,
What is an emergency fund?,An emergency fund is a savings account set aside to cover unexpected expenses or financial emergencies, such as medical bills or car repairs.,,,
How does inflation impact purchasing power?,Inflation erodes the purchasing power of money over time, meaning that the same amount of money will buy fewer goods and services in the future.,,,
What is a 403(b) plan?,A 403(b) plan is a retirement savings plan offered to employees of certain tax-exempt organizations, such as schools, hospitals, and religious organizations.,
What is the difference between a traditional IRA and a Roth IRA?,A traditional IRA allows you to deduct contributions from your taxable income, while a Roth IRA does not offer any tax deductions for contributions.,,,
How do I calculate interest?,Interest is calculated using the formula: Interest = Principal × Rate × Time. The rate is expressed as a percentage per time period, and time is usually measured in years.,,,
What is a mutual fund?,A mutual fund is an investment vehicle that pools money from many investors to purchase securities such as stocks, bonds, or money market instruments.,,
What is a budget?,A budget is a financial plan that outlines income and expenses over a specific period, helping individuals or organizations manage their finances effectively.,,,
How can I improve my credit score?,You can improve your credit score by paying bills on time, keeping credit card balances low, and avoiding opening too many new accounts.,,
What is a bear market?,A bear market is a prolonged period of declining stock prices, typically caused by economic slowdowns, investor pessimism, or geopolitical events.,
What is a bull market?,A bull market is a period of rising stock prices, typically driven by strong economic growth, low unemployment, and investor optimism.,
How does the Federal Reserve affect interest rates?,The Federal Reserve can influence interest rates through monetary policy tools such as open market operations, discount rates, and reserve requirements.,,
What is the difference between a stock and a bond?,A stock represents ownership in a company, while a bond is a debt investment where an investor loans money to an entity.,,,
What is the rule of 72?,The rule of 72 is a quick method for estimating how long it will take to double your money at a fixed annual rate of return. Simply divide 72 by the annual rate of return to get the approximate number of years.,,,,
What are blue-chip stocks?,Blue-chip stocks are shares of large, well-established companies with a history of stable earnings and dividends. They are considered to be relatively safe investments.,,,
How can I start saving for retirement?,You can start saving for retirement by contributing to a retirement account such as a 401(k), IRA, or Roth IRA. It's important to start early and consistently save over time.,,
What is dollar-cost averaging?,Dollar-cost averaging is an investment strategy where you invest a fixed amount of money at regular intervals, regardless of market conditions. This can help reduce the impact of market volatility on your investments.,,,
What is a capital gain?,A capital gain is the profit you realize when you sell an asset for more than you paid for it. It's the difference between the selling price and the purchase price.,,,,
What is the difference between stocks and mutual funds?,Stocks represent ownership in individual companies, while mutual funds are investment vehicles that pool money from many investors to purchase a diversified portfolio of securities.,,,
What is a financial advisor?,A financial advisor is a professional who provides financial guidance and advice to individuals or businesses based on their financial situation, goals, and risk tolerance.,,
How can I reduce investment risk?,You can reduce investment risk by diversifying your portfolio, investing for the long term, and staying informed about market trends and economic indicators.,,
What is a stock market index?,A stock market index is a measurement of the value of a section of the stock market. It is calculated from the prices of selected stocks and reflects the overall performance of the market.,,,,
What is a 529 plan?,A 529 plan is a tax-advantaged savings plan designed to encourage saving for future education costs. It can be used for qualified higher education expenses such as tuition, fees, and room and board.,,
What is the difference between stocks and bonds?,Stocks represent ownership in a company, while bonds represent a loan made by an investor to a borrower, typically a corporation or government.,,
How does a recession affect the stock market?,During a recession, consumer spending declines, corporate profits shrink, and unemployment rises, leading to lower stock prices and decreased investor confidence.
What is a stock split?,A stock split is a corporate action where a company divides its existing shares into multiple shares to boost liquidity and make the shares more affordable to individual investors.,,,,
What is a market order?,A market order is an order to buy or sell a security at the current market price. It guarantees execution but does not guarantee a specific price.,,,,
How do I create a personal budget?,To create a personal budget, list your sources of income and expenses, categorize them, and allocate amounts for each category based on your financial goals and priorities.,
What is the difference between a traditional 401(k) and a Roth 401(k)?,A traditional 401(k) allows you to contribute pre-tax dollars, while a Roth 401(k) uses after-tax dollars. Additionally, withdrawals from a traditional 401(k) are taxed, while qualified withdrawals from a Roth 401(k) are tax-free.,
How does a stock market crash affect the economy?,A stock market crash can lead to decreased consumer spending, layoffs, and decreased business investment, which can result in an economic recession.,
What is a certificate of deposit (CD)?,A certificate of deposit is a savings certificate with a fixed maturity date and specified interest rate. It is issued by a bank and can be traded in the secondary market.,,,,
What is the difference between a credit card and a debit card?,A credit card allows you to borrow money from a financial institution up to a certain limit, while a debit card deducts funds directly from your checking account.,,,
How do I choose between a traditional IRA and a Roth IRA?,Choose a traditional IRA if you expect to be in a lower tax bracket in retirement, and choose a Roth IRA if you expect to be in a higher tax bracket in retirement.,,,
What is the difference between saving and investing?,Saving involves setting aside money for future use, typically in a low-risk account, while investing involves purchasing assets with the expectation of generating a return, typically with some level of risk.,
How does the stock market work?,The stock market is a platform where buyers and sellers trade stocks, which represent ownership in publicly traded companies. Prices are determined by supply and demand.,,,
What is a capital loss?,A capital loss occurs when you sell an asset for less than you paid for it. It's the difference between the purchase price and the selling price.,,,,
What is a budget deficit?,A budget deficit occurs when government spending exceeds government revenue in a given fiscal year. It is typically financed through borrowing.,,,,
What is the Federal Reserve?,The Federal Reserve, often referred to as the Fed, is the central bank of the United States. It is responsible for conducting monetary policy, supervising and regulating banks, and maintaining financial stability.
What is a stock exchange?,A stock exchange is a marketplace where securities such as stocks, bonds, and commodities are bought and sold. It provides a platform for companies to raise capital and for investors to trade securities.,,
What is a credit score?,A credit score is a numerical representation of a person's creditworthiness, based on their credit history and other financial behavior. It is used by lenders to assess the risk of lending to a borrower.,,,
What is the difference between a traditional savings account and a money market account?,A traditional savings account typically offers a lower interest rate but is more liquid, while a money market account typically offers a higher interest rate but may have higher minimum balance requirements and limited withdrawals.,,,
How do I calculate interest?,Interest is calculated using the formula: Interest = Principal × Rate × Time. The rate is expressed as a percentage per time period, and time is usually measured in years.,,,
What is the difference between a bull market and a bear market?,A bull market is characterized by rising stock prices and investor optimism, while a bear market is characterized by falling stock prices and investor pessimism.,,,
What is a 401(k) plan?,A 401(k) plan is a retirement savings plan sponsored by an employer. Employees can contribute a portion of their salary to the plan, often with tax advantages.,,,
How does a recession impact unemployment?,During a recession, businesses may cut costs by laying off workers, leading to higher unemployment rates.,,
What is the difference between an individual stock and a stock mutual fund?,An individual stock represents ownership in a single company, while a stock mutual fund is a collection of many individual stocks managed by a professional portfolio manager.,,,
What is a budget surplus?,A budget surplus occurs when government revenue exceeds government spending in a given fiscal year. It results in reduced government debt or increased government savings.,,,,
What is the difference between a traditional IRA and a Roth IRA?,A traditional IRA allows you to deduct contributions from your taxable income, while a Roth IRA does not offer any tax deductions for contributions.,,,
How do I calculate my net worth?,To calculate your net worth, add up all your assets (such as cash, investments, and property) and subtract all your liabilities (such as loans and mortgages).,
What is the difference between a checking account and a savings account?,A checking account is designed for everyday transactions and typically offers low or no interest rates, while a savings account is designed for saving money and typically offers higher interest rates.,,,
How does a recession affect interest rates?,During a recession, central banks may lower interest rates to stimulate borrowing and spending, which can help stimulate economic activity.,,
What is a financial statement?,A financial statement is a document that summarizes a company's financial transactions, assets, liabilities, and equity over a specific period of time.,
What is an emergency fund?,An emergency fund is a savings account set aside to cover unexpected expenses or financial emergencies, such as medical bills or car repairs.,,,
How does inflation impact purchasing power?,Inflation erodes the purchasing power of money over time, meaning that the same amount of money will buy fewer goods and services in the future.,,,
What is a 403(b) plan?,A 403(b) plan is a retirement savings plan offered to employees of certain tax-exempt organizations, such as schools, hospitals, and religious organizations.,
What is the difference between a traditional IRA and a Roth IRA?,A traditional IRA allows you to deduct contributions from your taxable income, while a Roth IRA does not offer any tax deductions for contributions.,,,
How do I calculate interest?,Interest is calculated using the formula: Interest = Principal × Rate × Time. The rate is expressed as a percentage per time period, and time is usually measured in years.,,,
What is a mutual fund?,A mutual fund is an investment vehicle that pools money from many investors to purchase securities such as stocks, bonds, or money market instruments.,,
What is a budget?,A budget is a financial plan that outlines income and expenses over a specific period, helping individuals or organizations manage their finances effectively.,,,
How can I improve my credit score?,You can improve your credit score by paying bills on time, keeping credit card balances low, and avoiding opening too many new accounts.,,
What is a bear market?,A bear market is a prolonged period of declining stock prices, typically caused by economic slowdowns, investor pessimism, or geopolitical events.,
What is a bull market?,A bull market is a period of rising stock prices, typically driven by strong economic growth, low unemployment, and investor optimism.,
How does the Federal Reserve affect interest rates?,The Federal Reserve can influence interest rates through monetary policy tools such as open market operations, discount rates, and reserve requirements.,,
What is the difference between a stock and a bond?,A stock represents ownership in a company, while a bond is a debt investment where an investor loans money to an entity.,,,
What is the rule of 72?,The rule of 72 is a quick method for estimating how long it will take to double your money at a fixed annual rate of return. Simply divide 72 by the annual rate of return to get the approximate number of years.,,,,
What are blue-chip stocks?,Blue-chip stocks are shares of large, well-established companies with a history of stable earnings and dividends. They are considered to be relatively safe investments.,,,
How can I start saving for retirement?,You can start saving for retirement by contributing to a retirement account such as a 401(k), IRA, or Roth IRA. It's important to start early and consistently save over time.,,
What is dollar-cost averaging?,Dollar-cost averaging is an investment strategy where you invest a fixed amount of money at regular intervals, regardless of market conditions. This can help reduce the impact of market volatility on your investments.,,,
What is a capital gain?,A capital gain is the profit you realize when you sell an asset for more than you paid for it. It's the difference between the selling price and the purchase price.,,,,
What is the difference between stocks and mutual funds?,Stocks represent ownership in individual companies, while mutual funds are investment vehicles that pool money from many investors to purchase a diversified portfolio of securities.,,,
What is a financial advisor?,A financial advisor is a professional who provides financial guidance and advice to individuals or businesses based on their financial situation, goals, and risk tolerance.,,
How can I reduce investment risk?,You can reduce investment risk by diversifying your portfolio, investing for the long term, and staying informed about market trends and economic indicators.,,
What is a stock market index?,A stock market index is a measurement of the value of a section of the stock market. It is calculated from the prices of selected stocks and reflects the overall performance of the market.,,,,
What is a 529 plan?,A 529 plan is a tax-advantaged savings plan designed to encourage saving for future education costs. It can be used for qualified higher education expenses such as tuition, fees, and room and board.,,
What is the difference between stocks and bonds?,Stocks represent ownership in a company, while bonds represent a loan made by an investor to a borrower, typically a corporation or government.,,
How does a recession affect the stock market?,During a recession, consumer spending declines, corporate profits shrink, and unemployment rises, leading to lower stock prices and decreased investor confidence.
What is a stock split?,A stock split is a corporate action where a company divides its existing shares into multiple shares to boost liquidity and make the shares more affordable to individual investors.,,,,
What is a market order?,A market order is an order to buy or sell a security at the current market price. It guarantees execution but does not guarantee a specific price.,,,,
How do I create a personal budget?,To create a personal budget, list your sources of income and expenses, categorize them, and allocate amounts for each category based on your financial goals and priorities.,
What is the difference between a traditional 401(k) and a Roth 401(k)?,A traditional 401(k) allows you to contribute pre-tax dollars, while a Roth 401(k) uses after-tax dollars. Additionally, withdrawals from a traditional 401(k) are taxed, while qualified withdrawals from a Roth 401(k) are tax-free.,
How does a stock market crash affect the economy?,A stock market crash can lead to decreased consumer spending, layoffs, and decreased business investment, which can result in an economic recession.,
What is a certificate of deposit (CD)?,A certificate of deposit is a savings certificate with a fixed maturity date and specified interest rate. It is issued by a bank and can be traded in the secondary market.,,,,
What is the difference between a credit card and a debit card?,A credit card allows you to borrow money from a financial institution up to a certain limit, while a debit card deducts funds directly from your checking account.,,,
How do I choose between a traditional IRA and a Roth IRA?,Choose a traditional IRA if you expect to be in a lower tax bracket in retirement, and choose a Roth IRA if you expect to be in a higher tax bracket in retirement.,,,
What is the difference between saving and investing?,Saving involves setting aside money for future use, typically in a low-risk account, while investing involves purchasing assets with the expectation of generating a return, typically with some level of risk.,
How does the stock market work?,The stock market is a platform where buyers and sellers trade stocks, which represent ownership in publicly traded companies. Prices are determined by supply and demand.,,,
What is a capital loss?,A capital loss occurs when you sell an asset for less than you paid for it. It's the difference between the purchase price and the selling price.,,,,
What is a budget deficit?,A budget deficit occurs when government spending exceeds government revenue in a given fiscal year. It is typically financed through borrowing.,,,,
What is the Federal Reserve?,The Federal Reserve, often referred to as the Fed, is the central bank of the United States. It is responsible for conducting monetary policy, supervising and regulating banks, and maintaining financial stability.
What is a stock exchange?,A stock exchange is a marketplace where securities such as stocks, bonds, and commodities are bought and sold. It provides a platform for companies to raise capital and for investors to trade securities.,,
What is a credit score?,A credit score is a numerical representation of a person's creditworthiness, based on their credit history and other financial behavior. It is used by lenders to assess the risk of lending to a borrower.,,,
What is the difference between a traditional savings account and a money market account?,A traditional savings account typically offers a lower interest rate but is more liquid, while a money market account typically offers a higher interest rate but may have higher minimum balance requirements and limited withdrawals.,,,
How do I calculate interest?,Interest is calculated using the formula: Interest = Principal × Rate × Time. The rate is expressed as a percentage per time period, and time is usually measured in years.,,,
What is the difference between a bull market and a bear market?,A bull market is characterized by rising stock prices and investor optimism, while a bear market is characterized by falling stock prices and investor pessimism.,,,
What is a 401(k) plan?,A 401(k) plan is a retirement savings plan sponsored by an employer. Employees can contribute a portion of their salary to the plan, often with tax advantages.,,,
How does a recession impact unemployment?,During a recession, businesses may cut costs by laying off workers, leading to higher unemployment rates.,,
What is the difference between an individual stock and a stock mutual fund?,An individual stock represents ownership in a single company, while a stock mutual fund is a collection of many individual stocks managed by a professional portfolio manager.,,,
What is a budget surplus?,A budget surplus occurs when government revenue exceeds government spending in a given fiscal year. It results in reduced government debt or increased government savings.,,,,
What is the difference between a traditional IRA and a Roth IRA?,A traditional IRA allows you to deduct contributions from your taxable income, while a Roth IRA does not offer any tax deductions for contributions.,,,
How do I calculate my net worth?,To calculate your net worth, add up all your assets (such as cash, investments, and property) and subtract all your liabilities (such as loans and mortgages).,
What is the difference between a checking account and a savings account?,A checking account is designed for everyday transactions and typically offers low or no interest rates, while a savings account is designed for saving money and typically offers higher interest rates.,,,
How does a recession affect interest rates?,During a recession, central banks may lower interest rates to stimulate borrowing and spending, which can help stimulate economic activity.,,
What is a financial statement?,A financial statement is a document that summarizes a company's financial transactions, assets, liabilities, and equity over a specific period of time.,
What is an emergency fund?,An emergency fund is a savings account set aside to cover unexpected expenses or financial emergencies, such as medical bills or car repairs.,,,
How does inflation impact purchasing power?,Inflation erodes the purchasing power of money over time, meaning that the same amount of money will buy fewer goods and services in the future.,,,
What is a 403(b) plan?,A 403(b) plan is a retirement savings plan offered to employees of certain tax-exempt organizations, such as schools, hospitals, and religious organizations.,
What is the difference between a traditional IRA and a Roth IRA?,A traditional IRA allows you to deduct contributions from your taxable income, while a Roth IRA does not offer any tax deductions for contributions.,,,
How do I calculate interest?,Interest is calculated using the formula: Interest = Principal × Rate × Time. The rate is expressed as a percentage per time period, and time is usually measured in years.,,,
What is a mutual fund?,A mutual fund is an investment vehicle that pools money from many investors to purchase securities such as stocks, bonds, or money market instruments.,,
What is a budget?,A budget is a financial plan that outlines income and expenses over a specific period, helping individuals or organizations manage their finances effectively.,,,
How can I improve my credit score?,You can improve your credit score by paying bills on time, keeping credit card balances low, and avoiding opening too many new accounts.,,
What is a bear market?,A bear market is a prolonged period of declining stock prices, typically caused by economic slowdowns, investor pessimism, or geopolitical events.,
What is a bull market?,A bull market is a period of rising stock prices, typically driven by strong economic growth, low unemployment, and investor optimism.,
How does the Federal Reserve affect interest rates?,The Federal Reserve can influence interest rates through monetary policy tools such as open market operations, discount rates, and reserve requirements.,,
What is the difference between a stock and a bond?,A stock represents ownership in a company, while a bond is a debt investment where an investor loans money to an entity.,,,
What is the rule of 72?,The rule of 72 is a quick method for estimating how long it will take to double your money at a fixed annual rate of return. Simply divide 72 by the annual rate of return to get the approximate number of years.,,,,
What are blue-chip stocks?,Blue-chip stocks are shares of large, well-established companies with a history of stable earnings and dividends. They are considered to be relatively safe investments.,,,
How can I start saving for retirement?,You can start saving for retirement by contributing to a retirement account such as a 401(k), IRA, or Roth IRA. It's important to start early and consistently save over time.,,
What is dollar-cost averaging?,Dollar-cost averaging is an investment strategy where you invest a fixed amount of money at regular intervals, regardless of market conditions. This can help reduce the impact of market volatility on your investments.,,,
What is a capital gain?,A capital gain is the profit you realize when you sell an asset for more than you paid for it. It's the difference between the selling price and the purchase price.,,,,
What is the difference between stocks and mutual funds?,Stocks represent ownership in individual companies, while mutual funds are investment vehicles that pool money from many investors to purchase a diversified portfolio of securities.,,,
What is a financial advisor?,A financial advisor is a professional who provides financial guidance and advice to individuals or businesses based on their financial situation, goals, and risk tolerance.,,
How can I reduce investment risk?,You can reduce investment risk by diversifying your portfolio, investing for the long term, and staying informed about market trends and economic indicators.,,
What is a stock market index?,A stock market index is a measurement of the value of a section of the stock market. It is calculated from the prices of selected stocks and reflects the overall performance of the market.,,,,
What is a 529 plan?,A 529 plan is a tax-advantaged savings plan designed to encourage saving for future education costs. It can be used for qualified higher education expenses such as tuition, fees, and room and board.,,
What is the difference between stocks and bonds?,Stocks represent ownership in a company, while bonds represent a loan made by an investor to a borrower, typically a corporation or government.,,
How does a recession affect the stock market?,During a recession, consumer spending declines, corporate profits shrink, and unemployment rises, leading to lower stock prices and decreased investor confidence.
What is a stock split?,A stock split is a corporate action where a company divides its existing shares into multiple shares to boost liquidity and make the shares more affordable to individual investors.,,,,
What is a market order?,A market order is an order to buy or sell a security at the current market price. It guarantees execution but does not guarantee a specific price.,,,,
How do I create a personal budget?,To create a personal budget, list your sources of income and expenses, categorize them, and allocate amounts for each category based on your financial goals and priorities.,
What is the difference between a traditional 401(k) and a Roth 401(k)?,A traditional 401(k) allows you to contribute pre-tax dollars, while a Roth 401(k) uses after-tax dollars. Additionally, withdrawals from a traditional 401(k) are taxed, while qualified withdrawals from a Roth 401(k) are tax-free.,
How does a stock market crash affect the economy?,A stock market crash can lead to decreased consumer spending, layoffs, and decreased business investment, which can result in an economic recession.,
What is a certificate of deposit (CD)?,A certificate of deposit is a savings certificate with a fixed maturity date and specified interest rate. It is issued by a bank and can be traded in the secondary market.,,,,
What is the difference between a credit card and a debit card?,A credit card allows you to borrow money from a financial institution up to a certain limit, while a debit card deducts funds directly from your checking account.,,,
How do I choose between a traditional IRA and a Roth IRA?,Choose a traditional IRA if you expect to be in a lower tax bracket in retirement, and choose a Roth IRA if you expect to be in a higher tax bracket in retirement.,,,
What is the difference between saving and investing?,Saving involves setting aside money for future use, typically in a low-risk account, while investing involves purchasing assets with the expectation of generating a return, typically with some level of risk.,
How does the stock market work?,The stock market is a platform where buyers and sellers trade stocks, which represent ownership in publicly traded companies. Prices are determined by supply and demand.,,,
What is a capital loss?,A capital loss occurs when you sell an asset for less than you paid for it. It's the difference between the purchase price and the selling price.,,,,
What is a budget deficit?,A budget deficit occurs when government spending exceeds government revenue in a given fiscal year. It is typically financed through borrowing.,,,,
What is the Federal Reserve?,The Federal Reserve, often referred to as the Fed, is the central bank of the United States. It is responsible for conducting monetary policy, supervising and regulating banks, and maintaining financial stability.
What is a stock exchange?,A stock exchange is a marketplace where securities such as stocks, bonds, and commodities are bought and sold. It provides a platform for companies to raise capital and for investors to trade securities.,,
What is a credit score?,A credit score is a numerical representation of a person's creditworthiness, based on their credit history and other financial behavior. It is used by lenders to assess the risk of lending to a borrower.,,,
What is the difference between a traditional savings account and a money market account?,A traditional savings account typically offers a lower interest rate but is more liquid, while a money market account typically offers a higher interest rate but may have higher minimum balance requirements and limited withdrawals.,,,
How do I calculate interest?,Interest is calculated using the formula: Interest = Principal × Rate × Time. The rate is expressed as a percentage per time period, and time is usually measured in years.,,,
What is the difference between a bull market and a bear market?,A bull market is characterized by rising stock prices and investor optimism, while a bear market is characterized by falling stock prices and investor pessimism.,,,
What is a 401(k) plan?,A 401(k) plan is a retirement savings plan sponsored by an employer. Employees can contribute a portion of their salary to the plan, often with tax advantages.,,,
How does a recession impact unemployment?,During a recession, businesses may cut costs by laying off workers, leading to higher unemployment rates.,,
What is the difference between an individual stock and a stock mutual fund?,An individual stock represents ownership in a single company, while a stock mutual fund is a collection of many individual stocks managed by a professional portfolio manager.,,,
What is a budget surplus?,A budget surplus occurs when government revenue exceeds government spending in a given fiscal year. It results in reduced government debt or increased government savings.,,,,
What is a bear market?,A bear market is a prolonged period of declining stock prices, typically caused by economic slowdowns, investor pessimism, or geopolitical events.,
What is a bull market?,A bull market is a period of rising stock prices, typically driven by strong economic growth, low unemployment, and investor optimism.,
How does the Federal Reserve affect interest rates?,The Federal Reserve can influence interest rates through monetary policy tools such as open market operations, discount rates, and reserve requirements.,,
What is the difference between a stock and a bond?,A stock represents ownership in a company, while a bond is a debt investment where an investor loans money to an entity.,,,
What is the rule of 72?,The rule of 72 is a quick method for estimating how long it will take to double your money at a fixed annual rate of return. Simply divide 72 by the annual rate of return to get the approximate number of years.,,,,
What are blue-chip stocks?,Blue-chip stocks are shares of large, well-established companies with a history of stable earnings and dividends. They are considered to be relatively safe investments.,,,
How can I start saving for retirement?,You can start saving for retirement by contributing to a retirement account such as a 401(k), IRA, or Roth IRA. It's important to start early and consistently save over time.,,
What is dollar-cost averaging?,Dollar-cost averaging is an investment strategy where you invest a fixed amount of money at regular intervals, regardless of market conditions. This can help reduce the impact of market volatility on your investments.,,,
What is a capital gain?,A capital gain is the profit you realize when you sell an asset for more than you paid for it. It's the difference between the selling price and the purchase price.,,,,
What is the difference between stocks and mutual funds?,Stocks represent ownership in individual companies, while mutual funds are investment vehicles that pool money from many investors to purchase a diversified portfolio of securities.,,,
What is a financial advisor?,A financial advisor is a professional who provides financial guidance and advice to individuals or businesses based on their financial situation, goals, and risk tolerance.,,
How can I reduce investment risk?,You can reduce investment risk by diversifying your portfolio, investing for the long term, and staying informed about market trends and economic indicators.,,
What is a stock market index?,A stock market index is a measurement of the value of a section of the stock market. It is calculated from the prices of selected stocks and reflects the overall performance of the market.,,,,
What is a 529 plan?,A 529 plan is a tax-advantaged savings plan designed to encourage saving for future education costs. It can be used for qualified higher education expenses such as tuition, fees, and room and board.,,
What is the difference between stocks and bonds?,Stocks represent ownership in a company, while bonds represent a loan made by an investor to a borrower, typically a corporation or government.,,
How does a recession affect the stock market?,During a recession, consumer spending declines, corporate profits shrink, and unemployment rises, leading to lower stock prices and decreased investor confidence.
What is a stock split?,A stock split is a corporate action where a company divides its existing shares into multiple shares to boost liquidity and make the shares more affordable to individual investors.,,,,
What is a market order?,A market order is an order to buy or sell a security at the current market price. It guarantees execution but does not guarantee a specific price.,,,,
How do I create a personal budget?,To create a personal budget, list your sources of income and expenses, categorize them, and allocate amounts for each category based on your financial goals and priorities.,
What is the difference between a traditional 401(k) and a Roth 401(k)?,A traditional 401(k) allows you to contribute pre-tax dollars, while a Roth 401(k) uses after-tax dollars. Additionally, withdrawals from a traditional 401(k) are taxed, while qualified withdrawals from a Roth 401(k) are tax-free.,
How does a stock market crash affect the economy?,A stock market crash can lead to decreased consumer spending, layoffs, and decreased business investment, which can result in an economic recession.,
What is a certificate of deposit (CD)?,A certificate of deposit is a savings certificate with a fixed maturity date and specified interest rate. It is issued by a bank and can be traded in the secondary market.,,,,
What is the difference between a credit card and a debit card?,A credit card allows you to borrow money from a financial institution up to a certain limit, while a debit card deducts funds directly from your checking account.,,,
How do I choose between a traditional IRA and a Roth IRA?,Choose a traditional IRA if you expect to be in a lower tax bracket in retirement, and choose a Roth IRA if you expect to be in a higher tax bracket in retirement.,,,
What is the difference between saving and investing?,Saving involves setting aside money for future use, typically in a low-risk account, while investing involves purchasing assets with the expectation of generating a return, typically with some level of risk.,
How does the stock market work?,The stock market is a platform where buyers and sellers trade stocks, which represent ownership in publicly traded companies. Prices are determined by supply and demand.,,,
What is a capital loss?,A capital loss occurs when you sell an asset for less than you paid for it. It's the difference between the purchase price and the selling price.,,,,
What is a budget deficit?,A budget deficit occurs when government spending exceeds government revenue in a given fiscal year. It is typically financed through borrowing.,,,,
What is the Federal Reserve?,The Federal Reserve, often referred to as the Fed, is the central bank of the United States. It is responsible for conducting monetary policy, supervising and regulating banks, and maintaining financial stability.
What is a stock exchange?,A stock exchange is a marketplace where securities such as stocks, bonds, and commodities are bought and sold. It provides a platform for companies to raise capital and for investors to trade securities.,,
What is a credit score?,A credit score is a numerical representation of a person's creditworthiness, based on their credit history and other financial behavior. It is used by lenders to assess the risk of lending to a borrower.,,,
What is the difference between a traditional savings account and a money market account?,A traditional savings account typically offers a lower interest rate but is more liquid, while a money market account typically offers a higher interest rate but may have higher minimum balance requirements and limited withdrawals.,,,
How do I calculate interest?,Interest is calculated using the formula: Interest = Principal × Rate × Time. The rate is expressed as a percentage per time period, and time is usually measured in years.,,,
What is the difference between a bull market and a bear market?,A bull market is characterized by rising stock prices and investor optimism, while a bear market is characterized by falling stock prices and investor pessimism.,,,
What is a 401(k) plan?,A 401(k) plan is a retirement savings plan sponsored by an employer. Employees can contribute a portion of their salary to the plan, often with tax advantages.,,,
How does a recession impact unemployment?,During a recession, businesses may cut costs by laying off workers, leading to higher unemployment rates.,,
What is the difference between an individual stock and a stock mutual fund?,An individual stock represents ownership in a single company, while a stock mutual fund is a collection,,,
"Hi there, how can I help you today?"," ""Hello! I'm here to assist you. What do you need assistance with?""",,,,
What services do you offer?," ""We offer a variety of services including customer support", account management," and product information. How can I assist you specifically?""",,
I'm having trouble logging into my account.," ""I'm sorry to hear that. Could you please provide me with your username or email address so I can assist you further?""",,,,
What are your business hours?," ""Our business hours are from 9:00 AM to 5:00 PM"," Monday through Friday. How can I assist you during these hours?""",,,
I need help with troubleshooting my device.," ""Sure"," I can help with that. Could you please provide more details about the issue you're experiencing?""",,,
How do I place an order?," ""Placing an order is easy! You can browse our products online and add items to your cart. Once you're ready"," proceed to checkout and follow the prompts to complete your purchase.""",,,
Can I speak to a human representative?," ""Of course"," you can speak to a human representative. Please hold on while I connect you to one of our customer service agents.""",,,
What is your return policy?," ""Our return policy allows for returns within 30 days of purchase"," provided the item is in its original condition. Do you need assistance with a return?""",,,
Do you offer discounts for bulk orders?," ""Yes", we offer discounts for bulk orders. Please provide more details about the quantity and products you're interested in," and I can provide you with a quote.""",,
How can I update my billing information?," ""You can update your billing information by logging into your account and navigating to the billing section. If you need assistance"," I can guide you through the process.""",,,
I'm interested in learning more about your pricing.," ""Certainly! Our pricing varies depending on the product or service you're interested in. Could you specify which product or service you'd like more information about?""",,,,
What payment methods do you accept?," ""We accept all major credit cards", PayPal," and bank transfers. Is there a specific payment method you'd like to use?""",,
Can you help me track my order?," ""Of course", I can help you track your order. Please provide me with your order number," and I'll check the status for you.""",,
I'm experiencing technical difficulties with your website.," ""I apologize for the inconvenience. Could you please provide more details about the issue you're encountering so I can assist you further?""",,,,
How do I reset my password?," ""You can reset your password by clicking on the 'Forgot Password' link on the login page. Follow the instructions to reset your password.""",,,,
Do you offer international shipping?," ""Yes", we offer international shipping to many countries. Please provide your shipping address," and I can provide you with a shipping quote.""",,
What are your privacy policies?," ""Our privacy policies are designed to protect your personal information. You can view our privacy policy on our website for more details.""",,,,
How do I unsubscribe from your mailing list?," ""You can unsubscribe from our mailing list by clicking on the 'Unsubscribe' link at the bottom of any promotional email you receive from us.""",,,,
What is your customer satisfaction guarantee?," ""We strive for customer satisfaction and offer a guarantee on the quality of our products and services. If you're not satisfied"," please let us know how we can assist you.""",,,
Do you have a mobile app?," ""Yes"," we have a mobile app available for download on both iOS and Android devices. You can search for it in the App Store or Google Play Store.""",,,
How can I contact your support team?," ""You can contact our support team by phone", email," or live chat. Which option would you prefer?""",,
What is your company's mission statement?," ""Our mission is to provide our customers with high-quality products and exceptional service while maintaining integrity and transparency in all aspects of our business.""",,,,
Can I change my delivery address after placing an order?," ""Yes", you can change your delivery address as long as your order has not been shipped yet. Please provide me with your order number," and I'll assist you with the change.""",,
I'm interested in partnering with your company. Who should I contact?," ""That's great to hear! Please send an email to partnerships@company.com with details about your partnership proposal"," and our team will get back to you.""",,,
Hi,Hey there!! Welcome to finance assistance how can i assist you??.,,,,
How can u assist me?,I can assist you as much i can related to finance .,,,,
How can I create a budget?,To create a budget start by listing your monthly income and expenses. Then allocate a portion of your income to different expense categories such as rent groceries & utilities and savings.,,,,
What is a credit score and how can I improve it?, Your credit score is a numerical representation of your creditworthiness. To improve it make sure to pay your bills on time & keep your credit card balances low &and avoid opening too many new credit accounts.,,,,
I want to start investing. Where should I begin?, Starting to invest can be overwhelming but a good place to begin is by opening a brokerage account and researching different investment options such as stocks bonds mutual funds and ETFs. Consider seeking advice from a financial advisor as well.,,,,
How can I save money on taxes?, There are several strategies to save money on taxes such as contributing to tax-advantaged retirement accounts like a 401(k) or IRA claiming deductions and credits and investing in tax-efficient investment vehicles.,,,,
What are the benefits of having an emergency fund?, An emergency fund provides financial security by covering unexpected expenses such as medical bills car repairs or job loss without having to rely on credit cards or loans. It can help prevent financial stress and keep you prepared for emergencies.,,,,
How can I save more money each month?, Saving more money each month involves creating a budget tracking expenses and identifying areas where you can cut costs. Consider setting specific savings goals to stay motivated.,,,,
What are some effective ways to reduce my monthly expenses?, Effective ways to reduce monthly expenses include cutting back on non-essential spending negotiating lower bills and finding cheaper alternatives for essential services.,,,,
I want to start investing but don't know where to begin., Starting to invest can be daunting but you can begin by educating yourself about different investment options and setting clear investment goals. Consider seeking advice from a financial advisor.,,,,
How can I build an emergency fund?, Building an emergency fund involves setting aside a portion of your income each month until you have enough to cover 3-6 months' worth of living expenses. Start small and gradually increase your contributions.,,,,
What are some common budgeting mistakes to avoid?, Common budgeting mistakes include not tracking expenses underestimating expenses and not adjusting the budget when necessary. Regularly review your budget to ensure it aligns with your financial goals.,,,,
What percentage of my income should I save for retirement?, Financial experts recommend saving 10-15% of your income for retirement. However the exact percentage depends on factors such as your age income level and retirement goals.,,,,
How can I reduce my debt quickly?, To reduce debt quickly focus on paying off high-interest debt first consider debt consolidation and look for opportunities to increase your income. Avoid taking on new debt while you're paying off existing debt.,,,,
What are some strategies for saving on groceries?, Strategies for saving on groceries include meal planning buying generic brands using coupons and shopping sales. Avoid shopping when hungry and stick to your list to prevent impulse purchases.,,,,
I need help managing my credit card debt., Managing credit card debt involves creating a repayment plan prioritizing high-interest debt and avoiding late payments. Consider transferring balances to a card with a lower interest rate if possible.,,,,
How can I save money on utilities?, You can save money on utilities by using energy-efficient appliances adjusting your thermostat and reducing water usage. Consider switching to a cheaper provider or negotiating lower rates with your current provider.,,,,
What are some ways to save on transportation costs?, To save on transportation costs consider carpooling using public transportation biking or walking when possible. Maintain your vehicle to improve fuel efficiency and avoid unnecessary trips.,,,,
How much should I spend on housing?, Experts recommend spending no more than 30% of your income on housing costs. This includes rent or mortgage payments utilities and maintenance expenses.,,,,
What are some tips for reducing dining out expenses?, To reduce dining out expenses limit the number of times you eat out each week cook at home more often and look for dining deals and discounts. Set a budget for dining out and stick to it.,,,,
How can I save money on insurance premiums?, You can save money on insurance premiums by comparing rates from multiple providers bundling policies and increasing deductibles. Review your coverage regularly to make sure you're not overpaying.,,,,
What are some ways to increase my income?, Ways to increase your income include asking for a raise finding a higher-paying job starting a side hustle or freelancing. Consider investing in education or training to improve your skills.,,,,
I want to save for a vacation. Where should I start?, To save for a vacation create a separate savings account set a savings goal and automate contributions. Cut back on non-essential spending and look for ways to increase your income.,,,,
How can I track my expenses more effectively?, You can track expenses more effectively by using budgeting apps keeping receipts and categorizing expenses. Review your spending regularly to identify areas where you can cut back.,,,,
What are some ways to save money on entertainment?, Ways to save money on entertainment include finding free or low-cost activities using discounts and coupons and taking advantage of loyalty programs. Look for deals on tickets and subscriptions.,,,,
I'm struggling to stick to my budget. Any advice?, To stick to your budget track your spending avoid impulse purchases and review your budget regularly. Consider using cash for discretionary spending to stay within your budget.,,,,
How can I save money on groceries without sacrificing quality?, You can save money on groceries by buying in bulk shopping sales and using coupons. Look for cheaper alternatives to brand-name products and consider shopping at discount stores or farmers' markets.,,,,
What are some strategies for paying off student loans faster?, Strategies for paying off student loans faster include making extra payments refinancing to a lower interest rate and applying windfalls like tax refunds or bonuses to your loans. Avoid defaulting on loans by staying current on payments.,,,,
How can I start a college fund for my child?, To start a college fund for your child consider opening a 529 savings plan or a Coverdell ESA. Contribute regularly and take advantage of tax benefits. Start saving as early as possible to maximize growth.,,,,
What are some ways to save money on childcare expenses?, Ways to save money on childcare expenses include exploring co-op childcare options enrolling in employer-sponsored childcare programs and negotiating rates with childcare providers. Look for subsidies or tax credits for childcare expenses.,,,,
How can I save money on my monthly bills?, You can save money on monthly bills by negotiating with providers for lower rates bundling services for discounts and eliminating services you don't need. Look for energy-efficient options to reduce utility bills.,,,,
How can I lower my utility bills?," ""To lower your utility bills consider energy-efficient appliances turning off lights when not in use sealing drafts and adjusting your thermostat."".",,,,
I'm struggling to afford groceries. Any advice?," ""Consider meal planning buying generic brands using coupons and shopping sales to save money on groceries. You may also qualify for government assistance programs.""",,,,
How much should I budget for rent?," ""Experts recommend spending no more than 30% of your income on rent. Calculate 30% of your monthly income to determine a reasonable budget.""",,,,
I need help managing my healthcare expenses.," ""Review your health insurance plan for coverage details and consider using generic medications. You can also inquire about payment plans or financial assistance options with healthcare providers.""",,,,
What's the best way to save for a down payment on a house?," ""Start by setting a savings goal and automate contributions to a high-yield savings account. Consider cutting back on non-essential expenses and exploring down payment assistance programs.""",,,,
I want to reduce my transportation costs.," ""Try carpooling using public transportation biking or walking whenever possible. Regular vehicle maintenance can also improve fuel efficiency and reduce costs.""",,,,
How can I afford childcare on a limited budget?," ""Explore subsidized childcare options negotiate rates with childcare providers and consider flexible work arrangements to reduce childcare expenses. You may also qualify for childcare assistance programs.""",,,,
I'm struggling to pay off student loans.," ""Consider refinancing your loans for a lower interest rate enrolling in income-driven repayment plans or applying for loan forgiveness programs based on your career field.""",,,,
I need help budgeting for unexpected expenses.," ""Start by building an emergency fund with 3-6 months' worth of living expenses. Set aside a portion of your income each month and automate contributions to your emergency fund.""",,,,
What's the best way to save for retirement?," ""Start early and contribute regularly to tax-advantaged retirement accounts like a 401(k) or IRA. Consider diversifying your investments and seeking advice from a financial advisor.""",,,,
Can you explain how the stock market works?," ""Sure! The stock market is a platform where investors buy and sell shares of publicly traded companies. Prices are determined by supply and demand"," influenced by various factors like company performance and economic conditions.""",,,
What are the benefits of investing in the stock market?,"Investing in the stock market offers the potential for long-term growth and wealth accumulation. It provides opportunities to diversify your portfolio, hedge against inflation, and earn dividends from profitable companies.",,,,
How can I get started with investing in stocks?," ""To start investing in stocks open a brokerage account research companies you're interested in and consider factors like their financial health and growth potential Start with small investments and gradually increase as you gain experience.""",,,,
What are some common mistakes to avoid in stock market investing?," ""Common mistakes include not diversifying your portfolio", letting emotions drive investment decisions," and trying to time the market. It's important to have a long-term investment strategy and stay disciplined.""",,
How can I minimize risk when investing in stocks?," ""To minimize risk"," diversify your investments across different sectors and asset classes. Invest in quality companies with strong fundamentals and consider using stop-loss orders to limit potential losses.""",,,
What are some key indicators to watch in the stock market?,"Key indicators include stock prices, trading volume, market indices like the S&P 500 economic indicators such as GDP growth and unemployment rates and geopolitical events that can impact market sentiment.",,,,
Can you recommend any resources for learning more about stock market investing?," ""Certainly! There are many resources available including books online courses", investment websites," and financial news outlets Some popular books include 'The Intelligent Investor' by Benjamin Graham and 'A Random Walk Down Wall Street' by Burton Malkiel.""",,
What's the difference between stocks and bonds?," ""Stocks represent ownership in a company and offer potential for capital appreciation and dividends. Bonds", on the other hand, are debt securities issued by governments or corporations," and they pay fixed interest rates over a specified period.""",
How can I stay updated with stock market news and trends?,"You can stay updated by following financial news websites, subscribing to newsletters and using mobile apps that provide real-time market updates and It's also helpful to join online communities and forums to discuss market trends with other investors.",,,,
what is savings ?,Saving is the portion of income not spent on current expenditures. .,,,,
what is expenditure ?," ""An expenditure represents a payment with either cash or credit to purchase goods or services."".",,,,
what is finance?,Finance is defined as the management of money and includes activities such as investing borrowing lending budgeting saving and forecasting There are three main types of finance: (1) personal (2) corporate and (3) public/government.,,,,
